{"train_loss": 0.054131903906818477, "train_accuracy": 98.34791666666666, "_timestamp": 1697225145.4631298, "_runtime": 72.46601176261902, "_step": 5, "val_loss": 0.03965701910102383, "val_accuracy": 98.93333333333334, "_wandb": {"runtime": 71}}