{"MSE": 11.826556776287289, "RMSE": 3.4389761232505363, "R Squared": 0.8201720763266162, "MAE": 2.51903899995548, "_timestamp": 1697173704.6201391, "_runtime": 4.50852108001709, "_step": 0, "_wandb": {"runtime": 0}}