{"Accuracy": 0.4192139737991266, "F1 Score": 0.09876543209876544, "Precision": 0.07048458149779736, "Recall": 0.16494845360824742, "_timestamp": 1697170533.77893, "_runtime": 2.6030659675598145, "_step": 0, "_wandb": {"runtime": 0}}