{"train_loss": 0.0742653990695253, "train_accuracy": 97.77708333333334, "_timestamp": 1697994405.3596153, "_runtime": 62.641223430633545, "_step": 5, "val_loss": 0.04043473796844681, "val_accuracy": 98.81666666666666, "_wandb": {"runtime": 61}}