{"MSE": 12.638028222429783, "RMSE": 3.555000453224976, "R Squared": 0.8078333011412107, "MAE": 2.7833713666796034, "_timestamp": 1697990701.6739774, "_runtime": 1.1759674549102783, "_step": 0, "_wandb": {"runtime": 0}}