{"Accuracy": 0.18777292576419213, "F1 Score": 0.07376517468260589, "Precision": 0.07972359735973597, "Recall": 0.07395706314894875, "_timestamp": 1697979629.7363298, "_runtime": 1.1250808238983154, "_step": 0, "_wandb": {"runtime": 0}}