{"Accuracy": 0.2794759825327511, "F1 Score": 0.15544702211368877, "Precision": 0.12087419403208877, "Recall": 0.2974601408972933, "_timestamp": 1697979608.6395686, "_runtime": 1.219224452972412, "_step": 0, "_wandb": {"runtime": 0}}