{"Loss": 3.0927372428963147, "Epoch": 9999, "_timestamp": 1697990340.3051088, "_runtime": 8.321779727935791, "_step": 9999, "_wandb": {"runtime": 9}}