{"MSE": 15.349719493307196, "RMSE": 3.917871806645439, "R Squared": 0.7666008596022786, "MAE": 2.4733340595588023, "_timestamp": 1697990755.0063984, "_runtime": 1.6343145370483398, "_step": 0, "_wandb": {"runtime": 0}}