{"Learning Rate": 0.5, "Num Epochs": 10000, "Validation Accuracy": 0.6331877729257642, "_timestamp": 1697975583.3710515, "_runtime": 10.777076482772827, "_step": 17}