{"Accuracy": 0.2096069868995633, "F1 Score": 0.10775012712941774, "Precision": 0.14298941798941797, "Recall": 0.08738995982554117, "_timestamp": 1697170862.1523497, "_runtime": 1.7861018180847168, "_step": 0, "_wandb": {"runtime": 0}}