{"activation": "sigmoid", "optimizer": "SGD", "MSE": 10.339501280224171, "RMSE": 3.2155094899913097, "R squared": 0.842783399918306, "_timestamp": 1697114895.0237393, "_runtime": 1.5000622272491455, "_step": 0, "_wandb": {"runtime": 0}}