{"activation": "sigmoid", "optimizer": "SGD", "MSE": 17.549862513604904, "RMSE": 4.18925560375646, "R squared": 0.7331467310161874, "_timestamp": 1697987329.095531, "_runtime": 1.7330210208892822, "_step": 0, "_wandb": {"runtime": 0}}