{"Accuracy": 0.25327510917030566, "F1 Score": 0.1335454654871517, "Precision": 0.14086777432642095, "Recall": 0.15921394141638856, "_timestamp": 1697170304.3486874, "_runtime": 1.595564365386963, "_step": 0, "_wandb": {"runtime": 0}}