{"Loss": 0.5353025975508197, "Accuracy": 0.7693430656934307, "_timestamp": 1697097704.5642555, "_runtime": 6.980459451675415, "_step": 1, "_wandb": {"runtime": 5}}