{"MSE": 66.85815347460813, "RMSE": 8.176683525403691, "R Squared": -0.01660721268270815, "MAE": 6.100801725530542, "_timestamp": 1697173453.3545444, "_runtime": 1.3793513774871826, "_step": 0, "_wandb": {"runtime": 0}}