{"Accuracy": 0.35807860262008734, "F1 Score": 0.1312669376693767, "Precision": 0.1368601131727859, "Recall": 0.14244540516572443, "_timestamp": 1697978268.332487, "_runtime": 1.0467619895935059, "_step": 0, "_wandb": {"runtime": 0}}