{"train_loss": 0.12783814955751102, "train_accuracy": 96.15, "_timestamp": 1697997117.1348119, "_runtime": 81.765939950943, "_step": 5, "val_loss": 0.049127666240042826, "val_accuracy": 98.51666666666667, "_wandb": {"runtime": 80}}