{"train_loss": 0.17715904877583186, "train_accuracy": 94.59166666666667, "_timestamp": 1697998878.5689301, "_runtime": 379.51200103759766, "_step": 9, "val_loss": 0.057033033782685615, "val_accuracy": 98.15, "_wandb": {"runtime": 378}}