{"Accuracy": 0.1091703056768559, "F1 Score": 0.058797524314765696, "Precision": 0.09196696696696698, "Recall": 0.043324834645087386, "_timestamp": 1697171074.6985695, "_runtime": 2.5954794883728027, "_step": 0, "_wandb": {"runtime": 0}}