{"Accuracy": 0.6244541484716157, "F1 Score": 0.34587892286765626, "Precision": 0.48803973803973805, "Recall": 0.31882682425553655, "_timestamp": 1697170227.0121598, "_runtime": 2.3388028144836426, "_step": 0, "_wandb": {"runtime": 0}}