{"Loss": 0.9320701134595549, "Accuracy": 0.6116788321167883, "_timestamp": 1697128513.047659, "_runtime": 1.89302396774292, "_step": 1, "_wandb": {"runtime": 0}}