{"MSE": 47.90988474101993, "RMSE": 6.921696666354278, "R Squared": 0.27150942921246213, "MAE": 4.428770661914214, "_timestamp": 1697990017.0208535, "_runtime": 1.0286784172058105, "_step": 0, "_wandb": {"runtime": 0}}