{"MSE": 68.09130653505711, "RMSE": 8.251745665921673, "R Squared": -0.03535783965104522, "MAE": 5.954500486284091, "_timestamp": 1697173376.5245287, "_runtime": 1.4621577262878418, "_step": 0, "_wandb": {"runtime": 0}}