{"MSE": 66.08456691289645, "RMSE": 8.12924147217294, "R Squared": -0.004844493591622534, "MAE": 6.011484685461166, "_timestamp": 1697173486.534727, "_runtime": 1.504974126815796, "_step": 0, "_wandb": {"runtime": 0}}