{"Accuracy": 0.5807860262008734, "F1 Score": 0.2745897783969802, "Precision": 0.271786789623317, "Recall": 0.28658863673140705, "_timestamp": 1697171329.0350692, "_runtime": 1.7271201610565186, "_step": 0, "_wandb": {"runtime": 0}}