{"Accuracy": 0.0611353711790393, "F1 Score": 0.05146556735901908, "Precision": 0.11574074074074076, "Recall": 0.08790141011968243, "_timestamp": 1697978225.2580996, "_runtime": 0.9895365238189697, "_step": 0, "_wandb": {"runtime": 0}}