{"MSE": 40.27348702330066, "RMSE": 6.346139537017813, "R Squared": 0.3876241675845823, "MAE": 4.249527603732389, "_timestamp": 1697173361.776225, "_runtime": 3.307157039642334, "_step": 0, "_wandb": {"runtime": 0}}