{"train_loss": 0.9038199027379353, "train_accuracy": 74.55416666666666, "_timestamp": 1697227178.5123818, "_runtime": 18.04520583152771, "_step": 1, "val_loss": 0.27842640369496446, "val_accuracy": 92.6}