{"train_accuracy": 0.0, "test_accuracy": 0.0, "_timestamp": 1697968826.5702415, "_runtime": 2.0219404697418213, "_step": 0, "_wandb": {"runtime": 0}}