{"activation": "relu", "optimizer": "MiniBatch", "MSE": 546.5909900990099, "RMSE": 23.379285491627197, "R squared": -7.311153001452126, "_timestamp": 1697115002.0684352, "_runtime": 4.30658221244812, "_step": 0, "_wandb": {"runtime": 2}}