{"MSE": 12.517093716111798, "RMSE": 3.537950496560374, "R Squared": 0.8096721627459029, "MAE": 2.331177318220698, "_timestamp": 1697990907.8194084, "_runtime": 4.013216495513916, "_step": 0, "_wandb": {"runtime": 3}}