{"MSE": 21.954344336863986, "RMSE": 4.685546322134057, "R Squared": 0.6661746751493496, "MAE": 3.292122710576673, "_timestamp": 1697990582.3800802, "_runtime": 1.545091152191162, "_step": 0, "_wandb": {"runtime": 0}}