{"Accuracy": 0.4847161572052402, "F1 Score": 0.2502482543348848, "Precision": 0.259482651411516, "Recall": 0.2516344366338059, "_timestamp": 1697171101.8000832, "_runtime": 2.558854103088379, "_step": 0, "_wandb": {"runtime": 0}}