{"train_accuracy": 56.73359375, "test_accuracy": 49.9425, "_timestamp": 1697973012.238775, "_runtime": 162.43394708633423, "_step": 0, "_wandb": {"runtime": 160}}