{"train_loss": 0.25098169698317846, "train_accuracy": 92.60416666666667, "_timestamp": 1697999181.7674143, "_runtime": 78.48593640327454, "_step": 5, "val_loss": 0.09079009591740497, "val_accuracy": 97.16666666666667, "_wandb": {"runtime": 77}}