{"Accuracy": 0.2445414847161572, "F1 Score": 0.16065512495488893, "Precision": 0.19027639027639023, "Recall": 0.26685976654727733, "_timestamp": 1697170995.8144395, "_runtime": 1.6854405403137207, "_step": 0, "_wandb": {"runtime": 0}}