{"MSE": 32.84310006372674, "RMSE": 5.730889988799884, "R Squared": 0.5006064230546683, "MAE": 4.0609710927154525, "_timestamp": 1697173548.8872397, "_runtime": 1.8003497123718262, "_step": 0, "_wandb": {"runtime": 0}}