{"MSE": 13.982605649212374, "RMSE": 3.739332246432827, "R Squared": 0.787388418370156, "MAE": 2.8017928333763455, "_timestamp": 1697990657.1525524, "_runtime": 1.4227633476257324, "_step": 0, "_wandb": {"runtime": 0}}