{"Accuracy": 0.08296943231441048, "F1 Score": 0.062432741458165186, "Precision": 0.08637438211906297, "Recall": 0.23041829600663585, "_timestamp": 1697979651.4716747, "_runtime": 1.0389537811279297, "_step": 0, "_wandb": {"runtime": 0}}