{"activation": "sigmoid", "optimizer": "Batch", "accuracy": 0.5327510917030568, "_timestamp": 1697977672.0422704, "_runtime": 2.1554534435272217, "_step": 0, "_wandb": {"runtime": 1}}