{"Accuracy": 0.21397379912663755, "F1 Score": 0.11154235292166326, "Precision": 0.15268148553589167, "Recall": 0.11839411742970107, "_timestamp": 1697979531.974061, "_runtime": 1.0441360473632812, "_step": 0, "_wandb": {"runtime": 0}}