{"MSE": 14.64364677424574, "RMSE": 3.8267018141273748, "R Squared": 0.7773370014424654, "MAE": 2.816125949081503, "_timestamp": 1697173835.920007, "_runtime": 1.9137520790100098, "_step": 0, "_wandb": {"runtime": 0}}