{"Accuracy": 0.2576419213973799, "F1 Score": 0.09842706799345119, "Precision": 0.1255050505050505, "Recall": 0.18335919890625574, "_timestamp": 1697171395.200536, "_runtime": 1.5411550998687744, "_step": 0, "_wandb": {"runtime": 0}}