{"Accuracy": 0.611353711790393, "F1 Score": 0.2965250427656443, "Precision": 0.3119369369369369, "Recall": 0.2989117346880268, "_timestamp": 1697170744.3858597, "_runtime": 1.7531647682189941, "_step": 0, "_wandb": {"runtime": 0}}