{"activation": "tanh", "optimizer": "SGD", "MSE": 15.048283663069968, "RMSE": 3.879211732178326, "R squared": 0.7711843221009334, "_timestamp": 1697173222.8497787, "_runtime": 1.7435367107391357, "_step": 0, "_wandb": {"runtime": 0}}