{"Loss": 3.0927372428963147, "Epoch": 9999, "_timestamp": 1697988385.1294599, "_runtime": 12.63737678527832, "_step": 9999, "_wandb": {"runtime": 13}}