{"Accuracy": 0.048034934497816595, "F1 Score": 0.03188460569412951, "Precision": 0.27933541017653163, "Recall": 0.18272179728780993, "_timestamp": 1697979618.509759, "_runtime": 0.9619748592376709, "_step": 0, "_wandb": {"runtime": 0}}