{"Accuracy": 0.5283842794759825, "F1 Score": 0.2406211926211926, "Precision": 0.2690256825621815, "Recall": 0.27484082479323474, "_timestamp": 1697171705.9724054, "_runtime": 1.7722194194793701, "_step": 0, "_wandb": {"runtime": 0}}