{"MSE": 66.31040759162084, "RMSE": 8.143120261399854, "R Squared": -0.008278499034138465, "MAE": 6.000185240179396, "_timestamp": 1697990429.994165, "_runtime": 0.9438369274139404, "_step": 0, "_wandb": {"runtime": 0}}