{"train_loss": 0.25858817625045777, "train_accuracy": 92.52291666666666, "_timestamp": 1697227007.4556706, "_runtime": 57.14884066581726, "_step": 5, "val_loss": 0.15596235004511286, "val_accuracy": 95.5, "_wandb": {"runtime": 56}}