{"Accuracy": 0.5283842794759825, "F1 Score": 0.2689971146099575, "Precision": 0.27829656862745095, "Recall": 0.26537886693500606, "_timestamp": 1697171168.2193906, "_runtime": 1.8985185623168945, "_step": 0, "_wandb": {"runtime": 0}}