{"train_accuracy": 68.715625, "test_accuracy": 66.375, "_timestamp": 1697973208.6428802, "_runtime": 177.93905115127563, "_step": 0, "_wandb": {"runtime": 176}}