{"MSE": 10.874713258861703, "RMSE": 3.2976830137024544, "R Squared": 0.8346452697199639, "MAE": 2.481163397568217, "_timestamp": 1697990679.3876483, "_runtime": 1.1705384254455566, "_step": 0, "_wandb": {"runtime": 0}}