{"Loss": 17.89168563575794, "Epoch": 2348, "_timestamp": 1697984769.757527, "_runtime": 87.25211501121521, "_step": 2347, "_wandb": {"runtime": 112}}