{"train_accuracy": 0.0, "test_accuracy": 0.0, "_timestamp": 1697968814.1636393, "_runtime": 1.0971202850341797, "_step": 0, "_wandb": {"runtime": 0}}