{"MSE": 62.17755077495735, "RMSE": 7.885274299284544, "R Squared": 0.05456338083322387, "MAE": 5.85383225125265, "_timestamp": 1697173680.6635933, "_runtime": 1.88633131980896, "_step": 0, "_wandb": {"runtime": 0}}