{"MSE": 45.97589160335331, "RMSE": 6.780552455615495, "R Squared": 0.3009166334329234, "MAE": 5.137670344713146, "_timestamp": 1697173591.2323349, "_runtime": 1.3228659629821777, "_step": 0, "_wandb": {"runtime": 0}}