{"Accuracy": 0.048034934497816595, "F1 Score": 0.026128633271490412, "Precision": 0.04458425857389587, "Recall": 0.1265750286368843, "_timestamp": 1697170783.9727948, "_runtime": 1.5715787410736084, "_step": 0, "_wandb": {"runtime": 0}}