{"Loss": 0.5027450019506321, "Accuracy": 0.519650655021834, "F1 Score": 0.26607387493175944, "Precision": 0.26488704062589724, "Recall": 0.2817174995253731, "label": "tanh", "_timestamp": 1697128575.7479637, "_runtime": 13.263421773910522, "_step": 4, "_wandb": {"runtime": 13}}