{"Accuracy": 0.5720524017467249, "F1 Score": 0.26984717042239464, "Precision": 0.28168220668220667, "Recall": 0.2794928054208125, "_timestamp": 1697171668.8589609, "_runtime": 1.8776938915252686, "_step": 0, "_wandb": {"runtime": 0}}