{"Accuracy": 0.6506550218340611, "F1 Score": 0.29195156695156693, "Precision": 0.30351966873706004, "Recall": 0.29400938041122443, "_timestamp": 1697170701.2376091, "_runtime": 2.3903212547302246, "_step": 0, "_wandb": {"runtime": 0}}