{"MSE": 67.05543610576065, "RMSE": 8.188738370821273, "R Squared": -0.019606980629378157, "MAE": 5.795011222892159, "_timestamp": 1697990516.4378235, "_runtime": 1.7921924591064453, "_step": 0, "_wandb": {"runtime": 0}}