{"Accuracy": 0.36681222707423583, "F1 Score": 0.15793933987511152, "Precision": 0.10865659395071159, "Recall": 0.3374570446735395, "_timestamp": 1697978075.119755, "_runtime": 0.9655439853668213, "_step": 0, "_wandb": {"runtime": 0}}