{"Accuracy": 0.5895196506550219, "F1 Score": 0.29559128615985397, "Precision": 0.2974853974853975, "Recall": 0.3011261080467415, "_timestamp": 1697170638.9380686, "_runtime": 1.936387538909912, "_step": 0, "_wandb": {"runtime": 0}}