{"Accuracy": 0.5938864628820961, "F1 Score": 0.28764207986820395, "Precision": 0.2873376770721903, "Recall": 0.29115206281129474, "_timestamp": 1697170438.8981483, "_runtime": 1.8751022815704346, "_step": 0, "_wandb": {"runtime": 0}}