{"Accuracy": 0.5283842794759825, "F1 Score": 0.32384353741496597, "Precision": 0.31525759311744955, "Recall": 0.35241307957040213, "_timestamp": 1697170839.434417, "_runtime": 1.8429861068725586, "_step": 0, "_wandb": {"runtime": 0}}