{"Accuracy": 0.611353711790393, "F1 Score": 0.2677931387608807, "Precision": 0.28663070045817424, "Recall": 0.27048763612872645, "_timestamp": 1697171718.3268063, "_runtime": 1.8985543251037598, "_step": 0, "_wandb": {"runtime": 0}}