{"MSE": 66.16231375888701, "RMSE": 8.134021991541886, "R Squared": -0.0060266680952505425, "MAE": 5.9726778972912085, "_timestamp": 1697173432.8453243, "_runtime": 1.6394853591918945, "_step": 0, "_wandb": {"runtime": 0}}