{"activation": "relu", "optimizer": "MiniBatch", "MSE": 546.5909900990099, "RMSE": 23.379285491627197, "R squared": -7.311153001452126, "_timestamp": 1697129418.0665886, "_runtime": 3.673037528991699, "_step": 0, "_wandb": {"runtime": 2}}