{"MSE": 15.343224991549448, "RMSE": 3.9170428886533077, "R Squared": 0.7666996113174636, "MAE": 2.8158336848912184, "_timestamp": 1697990853.4489129, "_runtime": 3.406491756439209, "_step": 0, "_wandb": {"runtime": 2}}