{"Accuracy": 0.5982532751091703, "F1 Score": 0.2661457783409003, "Precision": 0.29752186143215315, "Recall": 0.26965751687951617, "_timestamp": 1697170766.685794, "_runtime": 1.8934581279754639, "_step": 0, "_wandb": {"runtime": 0}}