{"Accuracy": 0.021834061135371178, "F1 Score": 0.013622931442080377, "Precision": 0.0070664629488158895, "Recall": 0.18888888888888888, "_timestamp": 1697170732.8175726, "_runtime": 1.7180864810943604, "_step": 0, "_wandb": {"runtime": 0}}