{"Accuracy": 0.5851528384279476, "F1 Score": 0.2561045470819907, "Precision": 0.29230906307974786, "Recall": 0.25526262475679357, "_timestamp": 1697171578.106323, "_runtime": 2.0468220710754395, "_step": 0, "_wandb": {"runtime": 0}}