{"Accuracy": 0.537117903930131, "F1 Score": 0.2743851596863645, "Precision": 0.27949807852167, "Recall": 0.276503611623963, "_timestamp": 1697170916.9767272, "_runtime": 2.5873823165893555, "_step": 0, "_wandb": {"runtime": 0}}