{"MSE": 66.10999387539616, "RMSE": 8.130805241511824, "R Squared": -0.0052311215813356515, "MAE": 5.844918849227067, "_timestamp": 1697173466.6622362, "_runtime": 2.4279732704162598, "_step": 0, "_wandb": {"runtime": 0}}