{"Accuracy": 0.017467248908296942, "F1 Score": 0.013261648745519715, "Precision": 0.03143837156995052, "Recall": 0.09247311827956989, "_timestamp": 1697170460.0772002, "_runtime": 1.6173911094665527, "_step": 0, "_wandb": {"runtime": 0}}