{"Accuracy": 0.17467248908296942, "F1 Score": 0.11065858472903482, "Precision": 0.1534992784992785, "Recall": 0.09826114544988895, "_timestamp": 1697170894.9541912, "_runtime": 1.8700342178344727, "_step": 0, "_wandb": {"runtime": 0}}