{"MSE": 12.593674975827499, "RMSE": 3.5487568211737894, "R Squared": 0.808507711486972, "MAE": 2.657280214201945, "_timestamp": 1697173961.6077206, "_runtime": 4.407695531845093, "_step": 0, "_wandb": {"runtime": 2}}