{"Accuracy": 0.5720524017467249, "F1 Score": 0.2672871643503068, "Precision": 0.2732894351770559, "Recall": 0.2751682854947651, "_timestamp": 1697171316.6365335, "_runtime": 1.4187195301055908, "_step": 0, "_wandb": {"runtime": 0}}