{"MSE": 25.454292437101934, "RMSE": 5.045224716214525, "R Squared": 0.6129564467388335, "MAE": 3.5724592325285904, "_timestamp": 1697173515.7193282, "_runtime": 1.5712392330169678, "_step": 0, "_wandb": {"runtime": 0}}