{"Accuracy": 0.28820960698689957, "F1 Score": 0.15878873962797116, "Precision": 0.19602958492787756, "Recall": 0.1441910127964507, "_timestamp": 1697171296.4138696, "_runtime": 1.784559726715088, "_step": 0, "_wandb": {"runtime": 0}}