{"Accuracy": 0.5982532751091703, "F1 Score": 0.28277438745029043, "Precision": 0.30232915991112713, "Recall": 0.2811530439192332, "_timestamp": 1697170801.034562, "_runtime": 1.8397760391235352, "_step": 0, "_wandb": {"runtime": 0}}