{"activation": "tanh", "optimizer": "SGD", "MSE": 15.048283663069968, "RMSE": 3.879211732178326, "R squared": 0.7711843221009334, "_timestamp": 1697988749.510362, "_runtime": 1.8321080207824707, "_step": 0, "_wandb": {"runtime": 0}}