{"MSE": 12.274229068439524, "RMSE": 3.503459585672357, "R Squared": 0.8133650250177132, "MAE": 2.432857672367618, "_timestamp": 1697173943.544739, "_runtime": 3.4909329414367676, "_step": 0, "_wandb": {"runtime": 1}}