{"Loss": 3.0927372428963147, "Epoch": 9999, "_timestamp": 1697129290.2020273, "_runtime": 12.008314371109009, "_step": 9999, "_wandb": {"runtime": 13}}