{"activation": "tanh", "optimizer": "SGD", "MSE": 136.73520199686433, "RMSE": 11.693382829483705, "R squared": -1.0791180335309742, "_timestamp": 1697111430.9226556, "_runtime": 1.2183716297149658, "_step": 0, "_wandb": {"runtime": 0}}