{"Loss": 3.0927372428963147, "Epoch": 9999, "_timestamp": 1697986534.9447198, "_runtime": 11.31637978553772, "_step": 9999, "_wandb": {"runtime": 12}}