{"Accuracy": 0.1615720524017467, "F1 Score": 0.07670647206250922, "Precision": 0.13807154821129472, "Recall": 0.15668230068537398, "_timestamp": 1697170360.0796883, "_runtime": 1.6023592948913574, "_step": 0, "_wandb": {"runtime": 0}}