{"Accuracy": 0.30131004366812225, "F1 Score": 0.14906125909182313, "Precision": 0.14976851851851852, "Recall": 0.15300505716546448, "_timestamp": 1697170238.893779, "_runtime": 1.9298529624938965, "_step": 0, "_wandb": {"runtime": 0}}