{"activation": "relu", "optimizer": "SGD", "MSE": 28.193160912789157, "RMSE": 5.309723242579518, "R squared": 0.5713107640169739, "_timestamp": 1697173266.838494, "_runtime": 1.7915170192718506, "_step": 0, "_wandb": {"runtime": 0}}