{"activation": "sigmoid", "optimizer": "MiniBatch", "MSE": 18.492815777737306, "RMSE": 4.300327403551654, "R squared": 0.7188087177788973, "_timestamp": 1697173207.9049118, "_runtime": 9.033487796783447, "_step": 0, "_wandb": {"runtime": 2}}