{"MSE": 16.55319483364275, "RMSE": 4.068561764757019, "R Squared": 0.7483014952362623, "MAE": 2.602267899929826, "_timestamp": 1697174011.5273504, "_runtime": 4.2957165241241455, "_step": 0, "_wandb": {"runtime": 3}}