{"activation": "sigmoid", "optimizer": "SGD", "MSE": 17.549862513604904, "RMSE": 4.18925560375646, "R squared": 0.7331467310161874, "_timestamp": 1697173170.6574543, "_runtime": 2.224276304244995, "_step": 0, "_wandb": {"runtime": 0}}