{"Loss": 0.9320701134595549, "Epoch": 4999, "_timestamp": 1697976726.978274, "_runtime": 2.2166481018066406, "_step": 4999, "_wandb": {"runtime": 1}}