{"MSE": 63.88840520408014, "RMSE": 7.993022282220921, "R Squared": 0.028549097427132852, "MAE": 6.845845602021299, "_timestamp": 1697990570.7443097, "_runtime": 0.9685206413269043, "_step": 0, "_wandb": {"runtime": 0}}