{"MSE": 66.71242239301846, "RMSE": 8.167767283230985, "R Squared": -0.014391308399435143, "MAE": 6.09219336660633, "_timestamp": 1697173388.613839, "_runtime": 1.563093900680542, "_step": 0, "_wandb": {"runtime": 0}}