{"Loss": 0.9320701134595549, "Epoch": 4999, "_timestamp": 1697128539.7194183, "_runtime": 2.697650194168091, "_step": 4999, "_wandb": {"runtime": 2}}