{"Accuracy": 0.2794759825327511, "F1 Score": 0.1466599678128242, "Precision": 0.15477552292434324, "Recall": 0.18764262697384262, "_timestamp": 1697171535.9801524, "_runtime": 2.530888319015503, "_step": 0, "_wandb": {"runtime": 0}}