{"Accuracy": 0.2794759825327511, "F1 Score": 0.2131511506939687, "Precision": 0.386900522317189, "Recall": 0.15603234853031306, "_timestamp": 1697171783.8713648, "_runtime": 1.7908358573913574, "_step": 0, "_wandb": {"runtime": 0}}