{"activation": "relu", "optimizer": "SGD", "MSE": 546.5909900990099, "RMSE": 23.379285491627197, "R squared": -7.311153001452126, "_timestamp": 1697129393.7037177, "_runtime": 1.435410737991333, "_step": 0, "_wandb": {"runtime": 0}}