{"Accuracy": 0.19213973799126638, "F1 Score": 0.07840184506851174, "Precision": 0.07595486111111112, "Recall": 0.16039426523297493, "_timestamp": 1697170566.1626015, "_runtime": 1.9537544250488281, "_step": 0, "_wandb": {"runtime": 0}}