{"Loss": 3.0927372428963147, "Epoch": 9999, "_timestamp": 1697987122.7495494, "_runtime": 11.54385232925415, "_step": 9999, "_wandb": {"runtime": 12}}