{"activation": "tanh", "optimizer": "SGD", "MSE": 70.11531422818854, "RMSE": 8.37348877279886, "R squared": -0.06613375421686007, "_timestamp": 1697129354.7235725, "_runtime": 1.398604393005371, "_step": 0, "_wandb": {"runtime": 0}}