{"Accuracy": 0.5502183406113537, "F1 Score": 0.2581553666459327, "Precision": 0.2601388381439532, "Recall": 0.26203099536585767, "_timestamp": 1697171427.7842836, "_runtime": 1.7558956146240234, "_step": 0, "_wandb": {"runtime": 0}}