{"Accuracy": 0.2838427947598253, "F1 Score": 0.10590487127954828, "Precision": 0.0904515386827725, "Recall": 0.17956989247311828, "_timestamp": 1697978170.4937465, "_runtime": 0.9531335830688477, "_step": 0, "_wandb": {"runtime": 0}}