{"Accuracy": 0.09606986899563319, "F1 Score": 0.06712425897861772, "Precision": 0.13949469441893683, "Recall": 0.2273860991020951, "_timestamp": 1697978246.556224, "_runtime": 1.1788711547851562, "_step": 0, "_wandb": {"runtime": 0}}