{"Accuracy": 0.048034934497816595, "F1 Score": 0.05808669551863744, "Precision": 0.13023482924037966, "Recall": 0.144512930875212, "_timestamp": 1697171591.5448358, "_runtime": 2.5347788333892822, "_step": 0, "_wandb": {"runtime": 0}}