{"train_accuracy": 0.0, "test_accuracy": 0.0, "_timestamp": 1697968781.4917955, "_runtime": 1.6960816383361816, "_step": 0, "_wandb": {"runtime": 0}}