{"train_loss": 0.18668048681815466, "train_accuracy": 94.27291666666666, "_timestamp": 1698000256.8483038, "_runtime": 269.16554284095764, "_step": 5, "val_loss": 0.05386305342309494, "val_accuracy": 98.36666666666666, "_wandb": {"runtime": 267}}