{"train_accuracy": 0.0, "test_accuracy": 0.0, "_timestamp": 1697968803.8932977, "_runtime": 1.1604187488555908, "_step": 0, "_wandb": {"runtime": 0}}