{"Accuracy": 0.5938864628820961, "F1 Score": 0.32441720672489904, "Precision": 0.3680098082271995, "Recall": 0.3153744710617754, "_timestamp": 1697171279.7165198, "_runtime": 1.461188793182373, "_step": 0, "_wandb": {"runtime": 0}}