{"MSE": 12.385279293938098, "RMSE": 3.5192725518121066, "R Squared": 0.8116764581886163, "MAE": 2.700101361734103, "_timestamp": 1697173820.955323, "_runtime": 1.4711439609527588, "_step": 0, "_wandb": {"runtime": 0}}