{"Accuracy": 0.5764192139737991, "F1 Score": 0.3078860290747768, "Precision": 0.32240508533611983, "Recall": 0.3042510005389723, "_timestamp": 1697170851.6011539, "_runtime": 2.5412309169769287, "_step": 0, "_wandb": {"runtime": 0}}