{"Accuracy": 0.537117903930131, "F1 Score": 0.2528930669110517, "Precision": 0.28953041494025106, "Recall": 0.23935657157564658, "_timestamp": 1697171795.6451197, "_runtime": 1.5936505794525146, "_step": 0, "_wandb": {"runtime": 0}}