{"MSE": 13.516145290680035, "RMSE": 3.6764310534375637, "R Squared": 0.7944811503747071, "MAE": 2.7295425704180447, "_timestamp": 1697990810.1805272, "_runtime": 2.9335873126983643, "_step": 0, "_wandb": {"runtime": 2}}