{"train_accuracy": 0.0, "test_accuracy": 0.0, "_timestamp": 1697968760.1359534, "_runtime": 1.1211233139038086, "_step": 0, "_wandb": {"runtime": 0}}