{"Accuracy": 0.039301310043668124, "F1 Score": 0.027534702617761028, "Precision": 0.06712115045448379, "Recall": 0.1871214930169324, "_timestamp": 1697978192.4451997, "_runtime": 1.036069631576538, "_step": 0, "_wandb": {"runtime": 0}}