{"activation": "relu", "optimizer": "Batch", "accuracy": 0.5502183406113537, "_timestamp": 1697097951.361436, "_runtime": 1.671919822692871, "_step": 0, "_wandb": {"runtime": 0}}