{"Accuracy": 0.013100436681222707, "F1 Score": 0.004310344827586207, "Precision": 0.002183406113537118, "Recall": 0.16666666666666666, "_timestamp": 1697171556.5025728, "_runtime": 1.7841687202453613, "_step": 0, "_wandb": {"runtime": 0}}