{"MSE": 10.80153079471192, "RMSE": 3.286568239777157, "R Squared": 0.8357580408186276, "MAE": 2.3459454318854682, "_timestamp": 1697173913.5766265, "_runtime": 2.445068597793579, "_step": 0, "_wandb": {"runtime": 1}}