{"Accuracy": 0.6026200873362445, "F1 Score": 0.33207194836227094, "Precision": 0.3497888675001783, "Recall": 0.32657311738765354, "_timestamp": 1697171618.6664195, "_runtime": 1.6608564853668213, "_step": 0, "_wandb": {"runtime": 0}}