{"Accuracy": 0.5283842794759825, "F1 Score": 0.26881762171214985, "Precision": 0.2710650006442086, "Recall": 0.2729932838702032, "_timestamp": 1697171145.5853672, "_runtime": 1.5944790840148926, "_step": 0, "_wandb": {"runtime": 0}}