{"train_accuracy": 96.35546875, "test_accuracy": 96.6025, "_timestamp": 1697970260.378881, "_runtime": 279.30158495903015, "_step": 0, "_wandb": {"runtime": 278}}