{"MSE": 67.22551954083933, "RMSE": 8.199116997630863, "R Squared": -0.022193173006415767, "MAE": 6.126510779323129, "_timestamp": 1697990420.0619748, "_runtime": 0.917219877243042, "_step": 0, "_wandb": {"runtime": 0}}