{"train_accuracy": 0.0, "test_accuracy": 0.0, "_timestamp": 1697968836.9814022, "_runtime": 1.1764521598815918, "_step": 0, "_wandb": {"runtime": 0}}