{"Accuracy": 0.49344978165938863, "F1 Score": 0.2506637109565862, "Precision": 0.24518140589569162, "Recall": 0.2753632329162987, "_timestamp": 1697170904.8508255, "_runtime": 1.5253956317901611, "_step": 0, "_wandb": {"runtime": 0}}