{"Accuracy": 0.5633187772925764, "F1 Score": 0.2747689890260283, "Precision": 0.28202403371894896, "Recall": 0.2750217563870764, "_timestamp": 1697171472.8465204, "_runtime": 1.6680643558502197, "_step": 0, "_wandb": {"runtime": 0}}