{"Accuracy": 0.33624454148471616, "F1 Score": 0.1508307378716834, "Precision": 0.18263115083448486, "Recall": 0.1929195860998666, "_timestamp": 1697171738.6645331, "_runtime": 1.4258382320404053, "_step": 0, "_wandb": {"runtime": 0}}