{"train_loss": 0.128493643514812, "train_accuracy": 96.21875, "_timestamp": 1697225051.191663, "_runtime": 63.591928005218506, "_step": 5, "val_loss": 0.08800877163067777, "val_accuracy": 97.15, "_wandb": {"runtime": 62}}