{"Loss": 4.608355567831442, "Epoch": 2970, "_timestamp": 1697130327.864753, "_runtime": 5.423743009567261, "_step": 2970, "_wandb": {"runtime": 3}}