{"train_accuracy": 95.7609375, "test_accuracy": 96.4575, "_timestamp": 1697969741.054739, "_runtime": 213.22465896606445, "_step": 0, "_wandb": {"runtime": 212}}