{"train_loss": 0.11477132990583777, "train_accuracy": 96.28541666666666, "_timestamp": 1697226885.1342082, "_runtime": 107.03978109359741, "_step": 9, "val_loss": 0.043895169084165936, "val_accuracy": 98.66666666666667, "_wandb": {"runtime": 105}}