{"MSE": 10.671790584914698, "RMSE": 3.26677066610356, "R Squared": 0.8377307969627965, "MAE": 2.4136641397717367, "_timestamp": 1697173879.1426308, "_runtime": 2.1684577465057373, "_step": 0, "_wandb": {"runtime": 0}}