{"MSE": 65.99792619824684, "RMSE": 8.123910769958448, "R Squared": -0.0035270839587311364, "MAE": 6.060618540030797, "_timestamp": 1697990614.6822693, "_runtime": 1.0844433307647705, "_step": 0, "_wandb": {"runtime": 0}}