{"MSE": 37.47266613815243, "RMSE": 6.121492149643943, "R Squared": 0.43021186355431085, "MAE": 4.448738139457672, "_timestamp": 1697173569.912912, "_runtime": 1.7108359336853027, "_step": 0, "_wandb": {"runtime": 0}}