{"Accuracy": 0.5545851528384279, "F1 Score": 0.272953800027845, "Precision": 0.2794157231657232, "Recall": 0.27598375183320656, "_timestamp": 1697170950.351046, "_runtime": 1.858795166015625, "_step": 0, "_wandb": {"runtime": 0}}