{"Accuracy": 0.5283842794759825, "F1 Score": 0.26034299239090597, "Precision": 0.2589250864280138, "Recall": 0.2934334573097001, "_timestamp": 1697171201.644346, "_runtime": 1.6317501068115234, "_step": 0, "_wandb": {"runtime": 0}}