{"Accuracy": 0.15283842794759825, "F1 Score": 0.0956453054673959, "Precision": 0.1877711406586787, "Recall": 0.21115487871849467, "_timestamp": 1697978141.3784838, "_runtime": 1.7790007591247559, "_step": 0, "_wandb": {"runtime": 0}}