{"MSE": 66.11160835906102, "RMSE": 8.130904522810548, "R Squared": -0.005255670505485588, "MAE": 5.9171293064497075, "_timestamp": 1697990452.684329, "_runtime": 1.291619062423706, "_step": 0, "_wandb": {"runtime": 0}}