{"MSE": 13.235765493313098, "RMSE": 3.638099159356861, "R Squared": 0.7987444467638602, "MAE": 2.662850333118169, "_timestamp": 1697173724.7495573, "_runtime": 1.9455592632293701, "_step": 0, "_wandb": {"runtime": 0}}