{"train_loss": 0.17744014443457126, "train_accuracy": 94.19375, "_timestamp": 1698001276.6971068, "_runtime": 465.7803838253021, "_step": 9, "val_loss": 0.04984832479323736, "val_accuracy": 98.5, "_wandb": {"runtime": 464}}