{"Accuracy": 0.07423580786026202, "F1 Score": 0.05419075667157508, "Precision": 0.11894021117322089, "Recall": 0.12899568949590165, "_timestamp": 1697979585.780826, "_runtime": 1.370366096496582, "_step": 0, "_wandb": {"runtime": 0}}