{"MSE": 13.814373767103191, "RMSE": 3.7167692647113824, "R Squared": 0.7899464570814755, "MAE": 2.796559057372547, "_timestamp": 1697990646.6633067, "_runtime": 1.0105206966400146, "_step": 0, "_wandb": {"runtime": 0}}