{"Accuracy": 0.16593886462882096, "F1 Score": 0.09735598335677448, "Precision": 0.14496630727762805, "Recall": 0.1020446544270266, "_timestamp": 1697171157.2450185, "_runtime": 2.1857075691223145, "_step": 0, "_wandb": {"runtime": 0}}