{"train_accuracy": 96.68203125, "test_accuracy": 96.8575, "_timestamp": 1697971635.849118, "_runtime": 264.8224730491638, "_step": 0, "_wandb": {"runtime": 263}}