{"activation": "tanh", "optimizer": "Batch", "MSE": 16.60402274355652, "RMSE": 4.074803399374812, "R squared": 0.7475286348274932, "_timestamp": 1697111367.571892, "_runtime": 1.8655500411987305, "_step": 0, "_wandb": {"runtime": 0}}