{"train_loss": 0.2071346802165111, "train_accuracy": 94.01041666666667, "_timestamp": 1698000523.4169736, "_runtime": 103.92778158187866, "_step": 9, "val_loss": 0.08037693521126787, "val_accuracy": 97.66666666666667, "_wandb": {"runtime": 102}}