{"train_loss": 0.19401590964198112, "train_accuracy": 94.39791666666666, "_timestamp": 1697225858.3519297, "_runtime": 63.12821674346924, "_step": 5, "val_loss": 0.11245433817756303, "val_accuracy": 96.68333333333334, "_wandb": {"runtime": 61}}