{"Accuracy": 0.14410480349344978, "F1 Score": 0.08399094900782189, "Precision": 0.1692835458409229, "Recall": 0.15235930975871115, "_timestamp": 1697978181.4147196, "_runtime": 1.0593955516815186, "_step": 0, "_wandb": {"runtime": 0}}