{"Accuracy": 0.13973799126637554, "F1 Score": 0.08131299758505957, "Precision": 0.18825231481481483, "Recall": 0.14099635970729854, "_timestamp": 1697978160.311085, "_runtime": 0.9513790607452393, "_step": 0, "_wandb": {"runtime": 0}}