{"MSE": 67.20422373322481, "RMSE": 8.197818230067364, "R Squared": -0.021869361017964106, "MAE": 6.1273324559601186, "_timestamp": 1697990495.994246, "_runtime": 2.302449941635132, "_step": 0, "_wandb": {"runtime": 0}}