{"train_loss": 0.0520135435530295, "train_accuracy": 98.43333333333334, "_timestamp": 1697226347.7576406, "_runtime": 109.34583568572998, "_step": 9, "val_loss": 0.033312326107989065, "val_accuracy": 98.98333333333333, "_wandb": {"runtime": 107}}