{"Accuracy": 0.5545851528384279, "F1 Score": 0.3097660315316617, "Precision": 0.3081374636292669, "Recall": 0.3496700546744696, "_timestamp": 1697171089.4371068, "_runtime": 1.874215841293335, "_step": 0, "_wandb": {"runtime": 0}}