{"train_loss": 0.26877069372932116, "train_accuracy": 92.20416666666667, "_timestamp": 1697226484.4781237, "_runtime": 59.68035554885864, "_step": 5, "val_loss": 0.1104108500492541, "val_accuracy": 96.81666666666666, "_wandb": {"runtime": 58}}