{"MSE": 9.840277731493792, "RMSE": 3.1369216967424918, "R Squared": 0.8503743104356464, "MAE": 2.1770581186912525, "_timestamp": 1697990798.5666718, "_runtime": 2.282827854156494, "_step": 0, "_wandb": {"runtime": 1}}