{"MSE": 14.237427320912433, "RMSE": 3.7732515581276096, "R Squared": 0.783513744363544, "MAE": 2.715107995458082, "_timestamp": 1697173807.1710799, "_runtime": 1.801332950592041, "_step": 0, "_wandb": {"runtime": 0}}