{"Loss": 0.9398591713226739, "Accuracy": 0.5912408759124088, "_timestamp": 1697110095.456345, "_runtime": 1.2543091773986816, "_step": 1, "_wandb": {"runtime": 0}}