{"MSE": 13.629087531145776, "RMSE": 3.6917594086215555, "R Squared": 0.7927638146376735, "MAE": 2.9254709482914194, "_timestamp": 1697990744.002632, "_runtime": 1.2411108016967773, "_step": 0, "_wandb": {"runtime": 0}}