{"MSE": 72.71522203676855, "RMSE": 8.527322090596119, "R Squared": -0.10566647974324428, "MAE": 7.290458359351062, "_timestamp": 1697990602.4895313, "_runtime": 1.004695177078247, "_step": 0, "_wandb": {"runtime": 0}}