{"MSE": 18.71889588951332, "RMSE": 4.326533934862099, "R Squared": 0.7153710716530153, "MAE": 3.175221029947504, "_timestamp": 1697990777.611004, "_runtime": 2.1439380645751953, "_step": 0, "_wandb": {"runtime": 1}}