{"Accuracy": 0.28820960698689957, "F1 Score": 0.15111739381867248, "Precision": 0.1304515050167224, "Recall": 0.24332591768631814, "_timestamp": 1697170406.0887218, "_runtime": 1.5213086605072021, "_step": 0, "_wandb": {"runtime": 0}}