{"Accuracy": 0.5545851528384279, "F1 Score": 0.2750915867397567, "Precision": 0.28072089947089945, "Recall": 0.27554034201167904, "_timestamp": 1697170983.2337136, "_runtime": 1.9503746032714844, "_step": 0, "_wandb": {"runtime": 0}}