{"Accuracy": 0.33624454148471616, "F1 Score": 0.12283535636476815, "Precision": 0.10271941109205261, "Recall": 0.2313990854035348, "_timestamp": 1697978257.6749725, "_runtime": 1.1309986114501953, "_step": 0, "_wandb": {"runtime": 0}}