{"train_loss": 0.15955182148019473, "train_accuracy": 94.96666666666667, "_timestamp": 1698001350.1619337, "_runtime": 64.69233274459839, "_step": 5, "val_loss": 0.055533702574432534, "val_accuracy": 98.3, "_wandb": {"runtime": 63}}