{"MSE": 60.75203123058001, "RMSE": 7.794358936473224, "R Squared": 0.07623902359808954, "MAE": 6.097045660518912, "_timestamp": 1697173624.2795866, "_runtime": 1.6165306568145752, "_step": 0, "_wandb": {"runtime": 0}}