{"MSE": 11.274311648483083, "RMSE": 3.35772417695127, "R Squared": 0.8285692029434596, "MAE": 2.4863522026745346, "_timestamp": 1697173770.1051407, "_runtime": 1.8267276287078857, "_step": 0, "_wandb": {"runtime": 0}}