{"Accuracy": 0.37117903930131, "F1 Score": 0.09317680842888633, "Precision": 0.08273870200475705, "Recall": 0.1522558474670214, "_timestamp": 1697978279.441706, "_runtime": 1.1300740242004395, "_step": 0, "_wandb": {"runtime": 0}}