{"Accuracy": 0.4366812227074236, "F1 Score": 0.11623471680996267, "Precision": 0.16456228956228958, "Recall": 0.1721908140265307, "_timestamp": 1697170204.8133764, "_runtime": 2.257554531097412, "_step": 0, "_wandb": {"runtime": 0}}