{"MSE": 15.921167973447197, "RMSE": 3.9901338290146606, "R Squared": 0.7579117376867665, "MAE": 2.4701498709819534, "_timestamp": 1697990870.1793444, "_runtime": 3.2456023693084717, "_step": 0, "_wandb": {"runtime": 2}}