{"Accuracy": 0.5327510917030568, "F1 Score": 0.28968806047204243, "Precision": 0.2965829197684036, "Recall": 0.302519408735938, "_timestamp": 1697171017.6701937, "_runtime": 1.3707785606384277, "_step": 0, "_wandb": {"runtime": 0}}