{"Accuracy": 0.5676855895196506, "F1 Score": 0.26819372612071785, "Precision": 0.28359788359788357, "Recall": 0.29411195078660646, "_timestamp": 1697171605.0087676, "_runtime": 4.660837650299072, "_step": 0, "_wandb": {"runtime": 0}}