{"Accuracy": 0.07860262008733625, "F1 Score": 0.042952801332732514, "Precision": 0.18475452196382428, "Recall": 0.08748042562246201, "_timestamp": 1697979640.6289098, "_runtime": 1.1105468273162842, "_step": 0, "_wandb": {"runtime": 0}}