{"activation": "relu", "optimizer": "SGD", "MSE": 546.5909900990099, "RMSE": 23.379285491627197, "R squared": -7.311153001452126, "_timestamp": 1697114977.252357, "_runtime": 1.3317139148712158, "_step": 0, "_wandb": {"runtime": 0}}