{"Accuracy": 0.5152838427947598, "F1 Score": 0.21825459951329906, "Precision": 0.26398601398601396, "Recall": 0.2197133890653609, "_timestamp": 1697171135.0315156, "_runtime": 1.897019624710083, "_step": 0, "_wandb": {"runtime": 0}}