{"Accuracy": 0.5938864628820961, "F1 Score": 0.2700852217582642, "Precision": 0.31408115243342516, "Recall": 0.2673480907257268, "_timestamp": 1697170392.8970623, "_runtime": 1.4887032508850098, "_step": 0, "_wandb": {"runtime": 0}}