{"MSE": 12.378825121677991, "RMSE": 3.5183554569824227, "R Squared": 0.811774596676303, "MAE": 2.5224763477459953, "_timestamp": 1697173786.0166585, "_runtime": 1.7587065696716309, "_step": 0, "_wandb": {"runtime": 0}}