{"train_loss": 0.2717859014185766, "train_accuracy": 91.41458333333334, "_timestamp": 1697222161.3980594, "_runtime": 20.609973430633545, "_step": 1, "val_loss": 0.06253928344132022, "val_accuracy": 97.95, "_wandb": {"runtime": 61}}