{"MSE": 12.187191717176459, "RMSE": 3.4910158574799484, "R Squared": 0.8146884656822903, "MAE": 2.6560423851355823, "_timestamp": 1697173736.875247, "_runtime": 1.8266589641571045, "_step": 0, "_wandb": {"runtime": 0}}