{"Accuracy": 0.462882096069869, "F1 Score": 0.18123641209060945, "Precision": 0.17661766176617663, "Recall": 0.18619517422310905, "_timestamp": 1697978203.5293827, "_runtime": 1.0959317684173584, "_step": 0, "_wandb": {"runtime": 0}}