{"MSE": 11.202867542521915, "RMSE": 3.3470684998251703, "R Squared": 0.8296555415521287, "MAE": 2.333236416771931, "_timestamp": 1697990831.3983753, "_runtime": 2.858548164367676, "_step": 0, "_wandb": {"runtime": 1}}