{"Accuracy": 0.6069868995633187, "F1 Score": 0.29396085054783244, "Precision": 0.2989876513162851, "Recall": 0.29689791508192254, "_timestamp": 1697170660.4331582, "_runtime": 1.832313060760498, "_step": 0, "_wandb": {"runtime": 0}}