{"Accuracy": 0.43231441048034935, "F1 Score": 0.11858974358974357, "Precision": 0.16300211416490484, "Recall": 0.1705465026050327, "_timestamp": 1697170326.1800075, "_runtime": 1.499279499053955, "_step": 0, "_wandb": {"runtime": 0}}