{"train_accuracy": 95.6625, "test_accuracy": 96.0225, "_timestamp": 1697970832.3859048, "_runtime": 270.8431077003479, "_step": 0, "_wandb": {"runtime": 269}}