{"Accuracy": 0.611353711790393, "F1 Score": 0.27812680527376055, "Precision": 0.29921207097222574, "Recall": 0.27839765961160867, "_timestamp": 1697170372.419622, "_runtime": 1.6482670307159424, "_step": 0, "_wandb": {"runtime": 0}}