{"MSE": 26.094825181561955, "RMSE": 5.108309425001774, "R Squared": 0.6032168686300121, "MAE": 3.5835177144355943, "_timestamp": 1697990559.783326, "_runtime": 1.0924019813537598, "_step": 0, "_wandb": {"runtime": 0}}