{"Accuracy": 0.2096069868995633, "F1 Score": 0.14085525297534193, "Precision": 0.18184011193129732, "Recall": 0.20348841209591415, "_timestamp": 1697170829.0665655, "_runtime": 1.9248204231262207, "_step": 0, "_wandb": {"runtime": 0}}