{"Accuracy": 0.4017467248908297, "F1 Score": 0.20186826379375966, "Precision": 0.21708937198067635, "Recall": 0.1890862572261148, "_timestamp": 1697171494.2345495, "_runtime": 1.3480665683746338, "_step": 0, "_wandb": {"runtime": 0}}