{"MSE": 14.458110005417952, "RMSE": 3.802382148787514, "R Squared": 0.7801581684595864, "MAE": 3.073692339372697, "_timestamp": 1697990690.603177, "_runtime": 1.2756750583648682, "_step": 0, "_wandb": {"runtime": 0}}