{"train_loss": 0.11395755200088024, "train_accuracy": 96.74583333333334, "_timestamp": 1698000408.1763313, "_runtime": 133.1656951904297, "_step": 9, "val_loss": 0.0741038224758937, "val_accuracy": 97.51666666666667, "_wandb": {"runtime": 131}}