{"Accuracy": 0.19213973799126638, "F1 Score": 0.14662264097558217, "Precision": 0.17077970827970826, "Recall": 0.2059630975998532, "_timestamp": 1697171189.9063642, "_runtime": 1.777900218963623, "_step": 0, "_wandb": {"runtime": 0}}