{"Accuracy": 0.6375545851528385, "F1 Score": 0.29595273370320124, "Precision": 0.3264765694076039, "Recall": 0.29266194970356524, "_timestamp": 1697170481.9696274, "_runtime": 1.5204882621765137, "_step": 0, "_wandb": {"runtime": 0}}