{"Accuracy": 0.2314410480349345, "F1 Score": 0.12626657426798946, "Precision": 0.15151349016480595, "Recall": 0.18772321798307143, "_timestamp": 1697171029.101852, "_runtime": 1.3487648963928223, "_step": 0, "_wandb": {"runtime": 0}}