{"Accuracy": 0.17903930131004367, "F1 Score": 0.10744339770376414, "Precision": 0.21793229918229917, "Recall": 0.17497575898892367, "_timestamp": 1697170622.5408912, "_runtime": 2.022759199142456, "_step": 0, "_wandb": {"runtime": 0}}