{"Accuracy": 0.6331877729257642, "F1 Score": 0.36499914398219485, "Precision": 0.48847331583552056, "Recall": 0.34292512872263575, "_timestamp": 1697170339.1635642, "_runtime": 1.5818991661071777, "_step": 0, "_wandb": {"runtime": 0}}