{"Accuracy": 0.5109170305676856, "F1 Score": 0.25112048602946085, "Precision": 0.24585988293853464, "Recall": 0.25732358851058895, "_timestamp": 1697171762.7114363, "_runtime": 1.6214861869812012, "_step": 0, "_wandb": {"runtime": 0}}