{"MSE": 13.908901875098621, "RMSE": 3.729464019815531, "R Squared": 0.7885091162128572, "MAE": 2.6892588881836215, "_timestamp": 1697173891.7439291, "_runtime": 2.7342731952667236, "_step": 0, "_wandb": {"runtime": 1}}