{"Accuracy": 0.5545851528384279, "F1 Score": 0.24212783580610697, "Precision": 0.2484035759897829, "Recall": 0.24375244480630762, "_timestamp": 1697170971.3107784, "_runtime": 1.4173204898834229, "_step": 0, "_wandb": {"runtime": 0}}