{"train_loss": 0.24389224857091904, "train_accuracy": 93.06458333333333, "_timestamp": 1698000799.5300236, "_runtime": 111.92735648155212, "_step": 9, "val_loss": 0.09931049448378543, "val_accuracy": 97.03333333333333, "_wandb": {"runtime": 110}}