{"activation": "tanh", "optimizer": "SGD", "MSE": 15.048283663069968, "RMSE": 3.879211732178326, "R squared": 0.7711843221009334, "_timestamp": 1697986868.3150523, "_runtime": 1.6135063171386719, "_step": 0, "_wandb": {"runtime": 0}}