{"Accuracy": 0.40611353711790393, "F1 Score": 0.09627329192546584, "Precision": 0.06768558951965066, "Recall": 0.16666666666666666, "_timestamp": 1697979598.1869707, "_runtime": 2.445979595184326, "_step": 0, "_wandb": {"runtime": 0}}