{"Accuracy": 0.21397379912663755, "F1 Score": 0.10502198507978855, "Precision": 0.11876300227693416, "Recall": 0.11721169123896095, "_timestamp": 1697979553.7890465, "_runtime": 1.0490596294403076, "_step": 0, "_wandb": {"runtime": 0}}