{"activation": "tanh", "optimizer": "MiniBatch", "MSE": 13.396831738974866, "RMSE": 3.6601682664837782, "R squared": 0.79629536466168, "_timestamp": 1697173252.536354, "_runtime": 3.5222229957580566, "_step": 0, "_wandb": {"runtime": 2}}