{"MSE": 66.71758968089081, "RMSE": 8.168083599039056, "R Squared": -0.014469879252024365, "MAE": 6.111555794392464, "_timestamp": 1697173420.4912443, "_runtime": 1.413222312927246, "_step": 0, "_wandb": {"runtime": 0}}