{"train_loss": 0.20437193936109543, "train_accuracy": 94.00833333333334, "_timestamp": 1697999974.3780043, "_runtime": 199.57787442207336, "_step": 5, "val_loss": 0.08311795264958068, "val_accuracy": 97.58333333333333, "_wandb": {"runtime": 198}}