{"MSE": 30.0682763898018, "RMSE": 5.483454785972234, "R Squared": 0.5427988201555868, "MAE": 3.6149194559666187, "_timestamp": 1697990549.4596207, "_runtime": 1.0848126411437988, "_step": 0, "_wandb": {"runtime": 0}}