{"Accuracy": 0.3930131004366812, "F1 Score": 0.12868774747643744, "Precision": 0.13850521792510742, "Recall": 0.15574769981155082, "_timestamp": 1697978085.784114, "_runtime": 0.9408249855041504, "_step": 0, "_wandb": {"runtime": 0}}