{"MSE": 26.88218677163762, "RMSE": 5.1848034458056, "R Squared": 0.5912446942599222, "MAE": 4.213332937246151, "_timestamp": 1697990527.7982695, "_runtime": 1.5431303977966309, "_step": 0, "_wandb": {"runtime": 0}}