{"train_accuracy": 0.0, "test_accuracy": 0.0, "_timestamp": 1697968748.703341, "_runtime": 1.1631619930267334, "_step": 0, "_wandb": {"runtime": 0}}