{"train_loss": 0.2407510148783525, "train_accuracy": 93.10416666666667, "_timestamp": 1697997194.8650289, "_runtime": 68.2497627735138, "_step": 5, "val_loss": 0.10886577466265002, "val_accuracy": 96.81666666666666, "_wandb": {"runtime": 67}}