{"Accuracy": 0.07423580786026202, "F1 Score": 0.09350585217251883, "Precision": 0.10371499548328818, "Recall": 0.24222593004572981, "_timestamp": 1697170516.1788762, "_runtime": 1.732119083404541, "_step": 0, "_wandb": {"runtime": 0}}