{"train_accuracy": 94.46484375, "test_accuracy": 93.045, "_timestamp": 1697971919.9507058, "_runtime": 267.3727717399597, "_step": 0, "_wandb": {"runtime": 266}}