{"Accuracy": 0.5938864628820961, "F1 Score": 0.27181727181727183, "Precision": 0.3401540154015401, "Recall": 0.267126385814963, "_timestamp": 1697170500.2989287, "_runtime": 1.7231757640838623, "_step": 0, "_wandb": {"runtime": 0}}