{"train_accuracy": 51.20859375, "test_accuracy": 45.6125, "_timestamp": 1697972664.4203331, "_runtime": 150.49051904678345, "_step": 0, "_wandb": {"runtime": 147}}