{"MSE": 31.72159767613965, "RMSE": 5.632192972203602, "R Squared": 0.5176593531314003, "MAE": 4.070434006346979, "_timestamp": 1697173536.4800353, "_runtime": 1.6779592037200928, "_step": 0, "_wandb": {"runtime": 0}}