{"MSE": 64.90471420755513, "RMSE": 8.056346207031767, "R Squared": 0.013095678366741859, "MAE": 5.8162025898169665, "_timestamp": 1697990483.8028326, "_runtime": 0.9645965099334717, "_step": 0, "_wandb": {"runtime": 0}}