{"train_loss": 0.27019611978530883, "train_accuracy": 91.81458333333333, "_timestamp": 1698001544.0647626, "_runtime": 67.40991950035095, "_step": 0, "_wandb": {"runtime": 0}}