{"Loss": 0.5353025975508197, "Accuracy": 0.5764192139737991, "F1 Score": 0.3190214619634509, "Precision": 0.3429779158040027, "Recall": 0.3079843073696496, "label": "relu", "_timestamp": 1697097737.2106094, "_runtime": 20.236478328704834, "_step": 8, "_wandb": {"runtime": 20}}