{"Accuracy": 0.4366812227074236, "F1 Score": 0.21664744861091892, "Precision": 0.2237704918032787, "Recall": 0.21477089855471335, "_timestamp": 1697171441.094787, "_runtime": 1.550428867340088, "_step": 0, "_wandb": {"runtime": 0}}