{"Accuracy": 0.6026200873362445, "F1 Score": 0.24574305019068285, "Precision": 0.2552469135802469, "Recall": 0.2546688633291158, "_timestamp": 1697170592.3043911, "_runtime": 3.0526881217956543, "_step": 0, "_wandb": {"runtime": 0}}