{"Loss": 0.6622871628134909, "Accuracy": 0.5938864628820961, "F1 Score": 0.34186617239490613, "Precision": 0.36548753234533055, "Recall": 0.3521792063728694, "label": "relu", "_timestamp": 1697128464.0244157, "_runtime": 24.58282470703125, "_step": 8, "_wandb": {"runtime": 25}}