{"Accuracy": 0.2183406113537118, "F1 Score": 0.1465737516055417, "Precision": 0.20828039438587106, "Recall": 0.21791700591340513, "_timestamp": 1697170960.4615564, "_runtime": 1.5274925231933594, "_step": 0, "_wandb": {"runtime": 0}}