{"Accuracy": 0.6200873362445415, "F1 Score": 0.2978584026203073, "Precision": 0.30686238077542427, "Recall": 0.2978019359680541, "_timestamp": 1697170549.4085226, "_runtime": 1.424384593963623, "_step": 0, "_wandb": {"runtime": 0}}