{"Accuracy": 0.6331877729257642, "F1 Score": 0.30595433415367784, "Precision": 0.30958751393533995, "Recall": 0.30617257051554037, "_timestamp": 1697170425.9378402, "_runtime": 1.3046691417694092, "_step": 0, "_wandb": {"runtime": 0}}