{"Accuracy": 0.1615720524017467, "F1 Score": 0.0994777063060091, "Precision": 0.16810215247715246, "Recall": 0.12254866359082955, "_timestamp": 1697171122.0295055, "_runtime": 1.683699607849121, "_step": 0, "_wandb": {"runtime": 0}}