{"Accuracy": 0.5458515283842795, "F1 Score": 0.2829597701149425, "Precision": 0.29904751674007235, "Recall": 0.27628063254704543, "_timestamp": 1697170872.7254229, "_runtime": 1.5454368591308594, "_step": 0, "_wandb": {"runtime": 0}}