{"MSE": 39.59144471528105, "RMSE": 6.292173290309243, "R Squared": 0.397994916605505, "MAE": 4.493889958684878, "_timestamp": 1697173636.2052379, "_runtime": 1.4532668590545654, "_step": 0, "_wandb": {"runtime": 0}}