{"train_loss": 0.14904709908366204, "train_accuracy": 95.3375, "_timestamp": 1697997677.6945622, "_runtime": 77.09312915802002, "_step": 5, "val_loss": 0.05060807118152685, "val_accuracy": 98.51666666666667, "_wandb": {"runtime": 75}}