{"MSE": 15.8205996891308, "RMSE": 3.977511745945045, "R Squared": 0.7594409220553118, "MAE": 2.918080361133942, "_timestamp": 1697173995.0511713, "_runtime": 4.342936277389526, "_step": 0, "_wandb": {"runtime": 3}}