{"Loss": 4.629083966648868, "Epoch": 2930, "_timestamp": 1697130848.7332015, "_runtime": 3.7708754539489746, "_step": 2930, "_wandb": {"runtime": 3}}