{"Accuracy": 0.62882096069869, "F1 Score": 0.3559844985547797, "Precision": 0.3728406920570722, "Recall": 0.35321975416238227, "_timestamp": 1697171813.2492414, "_runtime": 1.6758754253387451, "_step": 0, "_wandb": {"runtime": 0}}