{"MSE": 11.924199584795941, "RMSE": 3.453143435305858, "R Squared": 0.8186873750861878, "MAE": 2.3481677922442405, "_timestamp": 1697990766.0895374, "_runtime": 1.6000382900238037, "_step": 0, "_wandb": {"runtime": 0}}