{"activation": "sigmoid", "optimizer": "MiniBatch", "MSE": 16.56619895961767, "RMSE": 4.0701595742203605, "R squared": 0.7481037618623401, "_timestamp": 1697111338.3970637, "_runtime": 5.68653678894043, "_step": 0, "_wandb": {"runtime": 3}}