{"activation": "sigmoid", "optimizer": "MiniBatch", "MSE": 18.492815777737306, "RMSE": 4.300327403551654, "R squared": 0.7188087177788973, "_timestamp": 1697986855.462578, "_runtime": 4.914289951324463, "_step": 0, "_wandb": {"runtime": 3}}