{"MSE": 31.126485699283755, "RMSE": 5.579111551070095, "R Squared": 0.5267082887747596, "MAE": 3.714851842568855, "_timestamp": 1697173603.1472316, "_runtime": 1.3221495151519775, "_step": 0, "_wandb": {"runtime": 0}}