{"Accuracy": 0.5502183406113537, "F1 Score": 0.2726707826131218, "Precision": 0.2743368838763576, "Recall": 0.2781466488793072, "_timestamp": 1697171061.1873424, "_runtime": 6.592710494995117, "_step": 0, "_wandb": {"runtime": 0}}