{"Accuracy": 0.5240174672489083, "F1 Score": 0.28788955932812244, "Precision": 0.2971114875462702, "Recall": 0.29087735258853226, "_timestamp": 1697171179.0644276, "_runtime": 1.9937355518341064, "_step": 0, "_wandb": {"runtime": 0}}