{"Accuracy": 0.6157205240174672, "F1 Score": 0.28148934398934394, "Precision": 0.3073711050034769, "Recall": 0.2798941677592641, "_timestamp": 1697170282.045695, "_runtime": 1.6735351085662842, "_step": 0, "_wandb": {"runtime": 0}}