{"train_loss": 0.08209489110608896, "train_accuracy": 97.52083333333333, "_timestamp": 1697225434.0952325, "_runtime": 100.8254554271698, "_step": 9, "val_loss": 0.059498405752782806, "val_accuracy": 98.26666666666667, "_wandb": {"runtime": 99}}