{"Accuracy": 0.021834061135371178, "F1 Score": 0.01589275843007186, "Precision": 0.008451865594722737, "Recall": 0.18888888888888888, "_timestamp": 1697979662.6373353, "_runtime": 1.0424692630767822, "_step": 0, "_wandb": {"runtime": 0}}