{"train_loss": 0.04994393794828405, "train_accuracy": 98.41458333333334, "_timestamp": 1697997589.7374854, "_runtime": 383.1446704864502, "_step": 9, "val_loss": 0.04102753379451547, "val_accuracy": 98.88333333333334, "_wandb": {"runtime": 381}}