{"MSE": 68.73141205797444, "RMSE": 8.290441005035525, "R Squared": -0.045090921671070205, "MAE": 5.747970911880227, "_timestamp": 1697990441.4557025, "_runtime": 1.3527345657348633, "_step": 0, "_wandb": {"runtime": 0}}