{"train_accuracy": 62.47578125, "test_accuracy": 57.4475, "_timestamp": 1697972831.4419692, "_runtime": 157.3571810722351, "_step": 0, "_wandb": {"runtime": 156}}