{"Loss": 0.9320701134595549, "Epoch": 4999, "_timestamp": 1697128427.356171, "_runtime": 3.7645318508148193, "_step": 5001, "Accuracy": 0.6116788321167883, "_wandb": {"runtime": 2}}