{"Accuracy": 0.611353711790393, "F1 Score": 0.2670670677616978, "Precision": 0.28301503094606545, "Recall": 0.27026593121796266, "_timestamp": 1697170609.3410027, "_runtime": 5.608529806137085, "_step": 0, "_wandb": {"runtime": 0}}