{"activation": "sigmoid", "optimizer": "MiniBatch", "MSE": 18.492815777737306, "RMSE": 4.300327403551654, "R squared": 0.7188087177788973, "_timestamp": 1697988737.3424993, "_runtime": 5.932032346725464, "_step": 0, "_wandb": {"runtime": 4}}