{"Accuracy": 0.3624454148471616, "F1 Score": 0.1938761086284899, "Precision": 0.23963675213675215, "Recall": 0.2626304905412275, "_timestamp": 1697171256.6755993, "_runtime": 1.4803342819213867, "_step": 0, "_wandb": {"runtime": 0}}