{"Accuracy": 0.2052401746724891, "F1 Score": 0.10054446874430473, "Precision": 0.2012426900584795, "Recall": 0.125221864181533, "_timestamp": 1697171644.1248624, "_runtime": 6.225249528884888, "_step": 0, "_wandb": {"runtime": 0}}