{"Accuracy": 0.6157205240174672, "F1 Score": 0.2610094266016909, "Precision": 0.2730972730972731, "Recall": 0.2683986407195471, "_timestamp": 1697170816.4082983, "_runtime": 1.5449743270874023, "_step": 0, "_wandb": {"runtime": 0}}