{"activation": "relu", "optimizer": "Batch", "MSE": 546.5909900990099, "RMSE": 23.379285491627197, "R squared": -7.311153001452126, "_timestamp": 1697114987.8022654, "_runtime": 1.609790325164795, "_step": 0, "_wandb": {"runtime": 0}}