{"train_loss": 0.06277660345161955, "train_accuracy": 98.18958333333333, "_timestamp": 1697999272.9149709, "_runtime": 75.21972584724426, "_step": 5, "val_loss": 0.03776869853522549, "val_accuracy": 98.73333333333333, "_wandb": {"runtime": 73}}