{"MSE": 13.206641322684634, "RMSE": 3.6340942919363877, "R Squared": 0.7991872924062476, "MAE": 2.2509332838174196, "_timestamp": 1697173858.2400131, "_runtime": 2.095278024673462, "_step": 0, "_wandb": {"runtime": 0}}