{"Accuracy": 0.5458515283842795, "F1 Score": 0.2925425750743105, "Precision": 0.2936044472502806, "Recall": 0.30819135936964454, "_timestamp": 1697170938.093325, "_runtime": 1.7896108627319336, "_step": 0, "_wandb": {"runtime": 0}}