{"train_loss": 0.10456599311095972, "train_accuracy": 96.92708333333333, "_timestamp": 1697995229.9062088, "_runtime": 88.23552680015564, "_step": 5, "val_loss": 0.03788031736126249, "val_accuracy": 98.76666666666667, "_wandb": {"runtime": 87}}