{"MSE": 29.067032883012192, "RMSE": 5.391385061652728, "R Squared": 0.5580231618066109, "MAE": 3.768367013253154, "_timestamp": 1697990636.2493155, "_runtime": 1.0457193851470947, "_step": 0, "_wandb": {"runtime": 0}}