{"Accuracy": 0.13537117903930132, "F1 Score": 0.07689213310402335, "Precision": 0.125565976087591, "Recall": 0.15794143167857375, "_timestamp": 1697170682.787919, "_runtime": 2.0651841163635254, "_step": 0, "_wandb": {"runtime": 0}}