{"train_loss": 0.19568450210988522, "train_accuracy": 94.43333333333334, "_timestamp": 1697226758.273618, "_runtime": 109.82113099098206, "_step": 9, "val_loss": 0.07954242891889621, "val_accuracy": 97.63333333333334, "_wandb": {"runtime": 108}}