{"MSE": 10.587503886564013, "RMSE": 3.2538444779313, "R Squared": 0.8390124127571821, "MAE": 2.4138713819504103, "_timestamp": 1697990668.199167, "_runtime": 1.2025010585784912, "_step": 0, "_wandb": {"runtime": 0}}