{"train_loss": 0.0762887517909209, "train_accuracy": 97.76041666666667, "_timestamp": 1697227097.6759083, "_runtime": 61.221134424209595, "_step": 5, "val_loss": 0.045606880528020095, "val_accuracy": 98.66666666666667, "_wandb": {"runtime": 59}}