{"train_loss": 0.26090341222286223, "train_accuracy": 92.26875, "_timestamp": 1697997023.4542625, "_runtime": 62.32176446914673, "_step": 5, "val_loss": 0.10808227726436676, "val_accuracy": 96.76666666666667, "_wandb": {"runtime": 60}}