{"train_accuracy": 34.77578125, "test_accuracy": 23.76, "_timestamp": 1697972327.1579807, "_runtime": 138.15022373199463, "_step": 0, "_wandb": {"runtime": 137}}