{"Accuracy": 0.5633187772925764, "F1 Score": 0.2865960854908758, "Precision": 0.2850556536236148, "Recall": 0.29106350826360455, "_timestamp": 1697171212.7380128, "_runtime": 1.562687873840332, "_step": 0, "_wandb": {"runtime": 0}}