{"Accuracy": 0.37117903930131, "F1 Score": 0.1676273027093527, "Precision": 0.19170274170274168, "Recall": 0.23671745492955773, "_timestamp": 1697171350.635064, "_runtime": 1.7268497943878174, "_step": 0, "_wandb": {"runtime": 0}}