{"MSE": 67.19579471596745, "RMSE": 8.197304112692626, "R Squared": -0.021741194155818988, "MAE": 6.126677292893306, "_timestamp": 1697990624.4480317, "_runtime": 0.9657447338104248, "_step": 0, "_wandb": {"runtime": 0}}