{"Accuracy": 0.5764192139737991, "F1 Score": 0.27808868990512736, "Precision": 0.29228170146823723, "Recall": 0.2850921285837516, "_timestamp": 1697171383.514693, "_runtime": 1.6290631294250488, "_step": 0, "_wandb": {"runtime": 0}}