{"MSE": 13.815351676466822, "RMSE": 3.7169008160652903, "R Squared": 0.7899315875455887, "MAE": 2.552781556001112, "_timestamp": 1697173978.709414, "_runtime": 4.183738946914673, "_step": 0, "_wandb": {"runtime": 2}}