{"MSE": 10.375846173241026, "RMSE": 3.221156030564342, "R Squared": 0.842230760061162, "MAE": 2.4155009566241286, "_timestamp": 1697990891.740148, "_runtime": 3.985807180404663, "_step": 0, "_wandb": {"runtime": 3}}