{"MSE": 67.71862259817212, "RMSE": 8.229132554417392, "R Squared": -0.02969101879826508, "MAE": 5.6215589195336815, "_timestamp": 1697990408.8630543, "_runtime": 0.9391562938690186, "_step": 0, "_wandb": {"runtime": 0}}