{"Loss": 0.36520581556875337, "Accuracy": 0.5327510917030568, "F1 Score": 0.24759070311802658, "Precision": 0.2706228956228956, "Recall": 0.2415194686217472, "label": "sigmoid", "_timestamp": 1697128525.1458437, "_runtime": 4.1925368309021, "_step": 1, "_wandb": {"runtime": 3}}