{"MSE": 19.81820249211051, "RMSE": 4.45176397533725, "R Squared": 0.6986556381109499, "MAE": 3.0211262846625115, "_timestamp": 1697173926.7608032, "_runtime": 3.0308661460876465, "_step": 0, "_wandb": {"runtime": 1}}