{"Loss": 0.9320701134595549, "Accuracy": 0.6116788321167883, "_timestamp": 1697976735.5376384, "_runtime": 1.8863544464111328, "_step": 1, "_wandb": {"runtime": 911}}