{"Loss": 3.0927372428963147, "Epoch": 9999, "_timestamp": 1697130346.9486644, "_runtime": 10.447314500808716, "_step": 9999, "_wandb": {"runtime": 11}}