{"Loss": 13.914022483562807, "Epoch": 5000, "_timestamp": 1697985425.725674, "_runtime": 180.36255598068237, "_step": 4999}