{"Loss": 0.9320701134595549, "Epoch": 4999, "_timestamp": 1697128502.6891098, "_runtime": 2.4836246967315674, "_step": 4999, "_wandb": {"runtime": 2}}