{"Accuracy": 0.06986899563318777, "F1 Score": 0.03325948648034537, "Precision": 0.035697399527186764, "Recall": 0.13620071684587812, "_timestamp": 1697979542.7529879, "_runtime": 0.9619858264923096, "_step": 0, "_wandb": {"runtime": 0}}