{"MSE": 68.61079130524085, "RMSE": 8.28316312197465, "R Squared": -0.04325683082566956, "MAE": 5.779273694685438, "_timestamp": 1697173498.9072177, "_runtime": 1.693868637084961, "_step": 0, "_wandb": {"runtime": 0}}