{"train_accuracy": 51.73203125, "test_accuracy": 47.05, "_timestamp": 1697971361.5384429, "_runtime": 516.5485708713531, "_step": 0, "_wandb": {"runtime": 515}}