{"Accuracy": 0.013100436681222707, "F1 Score": 0.008312870881931654, "Precision": 0.0057381663851717125, "Recall": 0.1724137931034483, "_timestamp": 1697171684.5621374, "_runtime": 1.5137593746185303, "_step": 0, "_wandb": {"runtime": 0}}