{"train_loss": 0.32713218239943187, "train_accuracy": 90.52916666666667, "_timestamp": 1698000603.6649122, "_runtime": 61.70786213874817, "_step": 5, "val_loss": 0.14176766035404612, "val_accuracy": 95.83333333333333, "_wandb": {"runtime": 60}}