{"Accuracy": 0.48034934497816595, "F1 Score": 0.2786428028363512, "Precision": 0.2806534967075102, "Recall": 0.3211303892450183, "_timestamp": 1697171246.0456505, "_runtime": 1.582883596420288, "_step": 0, "_wandb": {"runtime": 0}}