{"Accuracy": 0.537117903930131, "F1 Score": 0.25687543133195306, "Precision": 0.2577900558154806, "Recall": 0.26918480123645083, "_timestamp": 1697171522.8240614, "_runtime": 1.7646863460540771, "_step": 0, "_wandb": {"runtime": 0}}