{"Accuracy": 0.1572052401746725, "F1 Score": 0.09719946982237153, "Precision": 0.1431567035015311, "Recall": 0.12851876910452878, "_timestamp": 1697170927.2226374, "_runtime": 1.364591360092163, "_step": 0, "_wandb": {"runtime": 0}}