{"MSE": 83.03605470158986, "RMSE": 9.112412123120302, "R Squared": -0.26259921543319176, "MAE": 6.417042148327397, "_timestamp": 1697990733.329845, "_runtime": 1.4550728797912598, "_step": 0, "_wandb": {"runtime": 0}}