{"activation": "relu", "optimizer": "SGD", "MSE": 546.5909900990099, "RMSE": 23.379285491627197, "R squared": -7.311153001452126, "_timestamp": 1697111470.21807, "_runtime": 3.4457030296325684, "_step": 0, "_wandb": {"runtime": 0}}