{"MSE": 67.19818204475284, "RMSE": 8.19744972810159, "R Squared": -0.02177749452512545, "MAE": 6.126754118066122, "_timestamp": 1697173658.1185484, "_runtime": 1.8738293647766113, "_step": 0, "_wandb": {"runtime": 0}}