{"MSE": 11.854237162219931, "RMSE": 3.442998280891225, "R Squared": 0.8197511840565409, "MAE": 2.5870320167101366, "_timestamp": 1697173757.5713253, "_runtime": 1.499617338180542, "_step": 0, "_wandb": {"runtime": 0}}