{"Accuracy": 0.5764192139737991, "F1 Score": 0.262121111992246, "Precision": 0.2854256456228666, "Recall": 0.26025353358128606, "_timestamp": 1697170716.803604, "_runtime": 1.7577478885650635, "_step": 0, "_wandb": {"runtime": 0}}