{"Accuracy": 0.537117903930131, "F1 Score": 0.24803970986541504, "Precision": 0.27143689643689645, "Recall": 0.25768927419673376, "_timestamp": 1697171507.5323102, "_runtime": 1.595520257949829, "_step": 0, "_wandb": {"runtime": 0}}