{"Accuracy": 0.5676855895196506, "F1 Score": 0.25429782082324454, "Precision": 0.2917724002616089, "Recall": 0.25131016134766004, "_timestamp": 1697171406.4344761, "_runtime": 1.8179512023925781, "_step": 0, "_wandb": {"runtime": 0}}