{"Accuracy": 0.08296943231441048, "F1 Score": 0.08177619643032263, "Precision": 0.09871941378228967, "Recall": 0.17407868230833037, "_timestamp": 1697978097.3114443, "_runtime": 1.4669382572174072, "_step": 0, "_wandb": {"runtime": 0}}