{"MSE": 11.6555849573337, "RMSE": 3.41402767377971, "R Squared": 0.8227717769656671, "MAE": 2.74186246484412, "_timestamp": 1697990723.2339637, "_runtime": 1.300485610961914, "_step": 0, "_wandb": {"runtime": 0}}