{"Loss": 0.9320701134595549, "Accuracy": 0.6116788321167883, "_timestamp": 1697128552.5974565, "_runtime": 1.7775194644927979, "_step": 1, "_wandb": {"runtime": 0}}