{"MSE": 66.88653380203115, "RMSE": 8.178418783727766, "R Squared": -0.017038747866632953, "MAE": 6.106065316521165, "_timestamp": 1697990464.2760837, "_runtime": 1.6095538139343262, "_step": 0, "_wandb": {"runtime": 0}}