{"Accuracy": 0.38427947598253276, "F1 Score": 0.10166076619750741, "Precision": 0.08674242424242425, "Recall": 0.16166110493140526, "_timestamp": 1697979564.9194138, "_runtime": 1.0191378593444824, "_step": 0, "_wandb": {"runtime": 0}}