{"Accuracy": 0.4759825327510917, "F1 Score": 0.17060057697351164, "Precision": 0.16663456909003369, "Recall": 0.19275394449987068, "_timestamp": 1697170192.3854897, "_runtime": 1.8156538009643555, "_step": 0, "_wandb": {"runtime": 0}}