{"activation": "relu", "optimizer": "Batch", "MSE": 546.5909900990099, "RMSE": 23.379285491627197, "R squared": -7.311153001452126, "_timestamp": 1697114378.9570985, "_runtime": 1.490525484085083, "_step": 0, "_wandb": {"runtime": 0}}