{"MSE": 34.15977725323785, "RMSE": 5.844636622856707, "R Squared": 0.48058577548862147, "MAE": 4.108272147725077, "_timestamp": 1697990538.2658808, "_runtime": 0.9515388011932373, "_step": 0, "_wandb": {"runtime": 0}}