{"train_accuracy": 93.503125, "test_accuracy": 94.255, "_timestamp": 1697970552.0097628, "_runtime": 283.6430277824402, "_step": 0, "_wandb": {"runtime": 282}}