{"activation": "tanh", "optimizer": "SGD", "MSE": 136.73520199686433, "RMSE": 11.693382829483705, "R squared": -1.0791180335309742, "_timestamp": 1697111355.9413476, "_runtime": 1.1945576667785645, "_step": 0, "_wandb": {"runtime": 0}}