{"Accuracy": 0.22707423580786026, "F1 Score": 0.09720604789097938, "Precision": 0.11579161579161579, "Recall": 0.10483329447126565, "_timestamp": 1697978235.8762004, "_runtime": 1.4507315158843994, "_step": 0, "_wandb": {"runtime": 0}}