{"Accuracy": 0.27510917030567683, "F1 Score": 0.12976937330421548, "Precision": 0.15114141042686205, "Recall": 0.11793108544940478, "_timestamp": 1697978118.095956, "_runtime": 1.034646987915039, "_step": 0, "_wandb": {"runtime": 0}}