{"Accuracy": 0.5240174672489083, "F1 Score": 0.2688023088023088, "Precision": 0.2721754773641566, "Recall": 0.2917891458882021, "_timestamp": 1697170883.5567296, "_runtime": 1.988250494003296, "_step": 0, "_wandb": {"runtime": 0}}