{"MSE": 13.493376152203695, "RMSE": 3.673333112066437, "R Squared": 0.794827364997736, "MAE": 2.5867243001900833, "_timestamp": 1697173846.9479566, "_runtime": 1.6674246788024902, "_step": 0, "_wandb": {"runtime": 0}}