{"Accuracy": 0.6200873362445415, "F1 Score": 0.29871150219987425, "Precision": 0.3118888409548461, "Recall": 0.2978758376049753, "_timestamp": 1697170259.9776883, "_runtime": 1.7026803493499756, "_step": 0, "_wandb": {"runtime": 0}}