{"MSE": 63.559680477584195, "RMSE": 7.972432532018329, "R Squared": 0.033547499425624294, "MAE": 5.865544458425692, "_timestamp": 1697173399.6487186, "_runtime": 1.5369555950164795, "_step": 0, "_wandb": {"runtime": 0}}