{"Accuracy": 0.5502183406113537, "F1 Score": 0.29500253691514583, "Precision": 0.30864197530864196, "Recall": 0.2974533241083704, "_timestamp": 1697171007.1345572, "_runtime": 1.915865182876587, "_step": 0, "_wandb": {"runtime": 0}}