{"Accuracy": 0.48034934497816595, "F1 Score": 0.24131347842688047, "Precision": 0.24354737791975453, "Recall": 0.28244313714997066, "_timestamp": 1697171041.0449958, "_runtime": 2.4368066787719727, "_step": 0, "_wandb": {"runtime": 0}}