{"Accuracy": 0.2314410480349345, "F1 Score": 0.14300495489884943, "Precision": 0.21209258577679632, "Recall": 0.19781461392128455, "_timestamp": 1697171223.6601183, "_runtime": 1.6265442371368408, "_step": 0, "_wandb": {"runtime": 0}}