{"Accuracy": 0.38427947598253276, "F1 Score": 0.15633123250475991, "Precision": 0.1959415883545237, "Recall": 0.1598135640083738, "_timestamp": 1697978064.1966987, "_runtime": 1.0920567512512207, "_step": 0, "_wandb": {"runtime": 0}}