{"Accuracy": 0.4978165938864629, "F1 Score": 0.279968634689199, "Precision": 0.29090582135136595, "Recall": 0.29265481437310387, "_timestamp": 1697171234.9850035, "_runtime": 1.7694134712219238, "_step": 0, "_wandb": {"runtime": 0}}