{"Loss": 3.0927372428963147, "Epoch": 9999, "_timestamp": 1697173147.7924001, "_runtime": 8.12105417251587, "_step": 9999, "_wandb": {"runtime": 11}}