{"MSE": 52.52829851893548, "RMSE": 7.247640893348365, "R Squared": 0.20128444521607813, "MAE": 5.319479052646585, "_timestamp": 1697990398.222583, "_runtime": 1.3079960346221924, "_step": 0, "_wandb": {"runtime": 0}}