{"train_accuracy": 0.0, "test_accuracy": 0.0, "_timestamp": 1697968792.6428983, "_runtime": 1.0659513473510742, "_step": 0, "_wandb": {"runtime": 0}}