{"MSE": 11.320077232441356, "RMSE": 3.364532245712821, "R Squared": 0.8278733173958235, "MAE": 2.549463467697597, "_timestamp": 1697990712.2813292, "_runtime": 1.402956247329712, "_step": 0, "_wandb": {"runtime": 0}}