{"train_loss": 0.04618828106625006, "train_accuracy": 98.49583333333334, "_timestamp": 1697995050.5759358, "_runtime": 106.80646991729736, "_step": 9, "val_loss": 0.034699925726175584, "val_accuracy": 98.96666666666667, "_wandb": {"runtime": 105}}