{"train_accuracy": 89.45546875, "test_accuracy": 91.445, "_timestamp": 1697969970.103228, "_runtime": 217.42914509773254, "_step": 0, "_wandb": {"runtime": 216}}