{"train_accuracy": 36.5078125, "test_accuracy": 26.8775, "_timestamp": 1697972504.7363312, "_runtime": 166.11961317062378, "_step": 0, "_wandb": {"runtime": 165}}